,x,y
A115,7.531,120.894
A116,8.096,112.054
A133,8.005,124.619
A141,8.834,122.898
A152,8.328,121.247
A173,8.968,123.424
A23,8.586,122.918
A247,7.936,120.389
A257,8.323,123.643
A38,7.446,127.7
A54,7.36,120.146
A77,8.214,123.861
C205,7.577,114.704
D101,8.822,121.345
D110,9.644,132.245
D129,7.417,116.241
D138,7.832,114.894
D161,8.332,117.56
D164,8.126,116.336
D174,8.565,122.041
D179,7.945,128.065
D189,7.365,121.995
D242,7.093,114.803
D32,8.256,118.218
D34,7.482,128.162
D41,7.703,128.903
D52,8.812,121.199
D71,8.366,117.056
D72,8.933,131.705
E106,8.244,119.192
E117,9.397,121.035
E186,8.15,116.25
E204,8.73,124.779
E213,8.849,121.545
E220,8.28,118.313
E233,8.341,121.375
E235,7.298,119.873
E237,8.205,123.402
E238,8.978,130.03
E26,9.331,117.653
E69,8.401,123.974
F130,7.468,119.662
F146,10.056,128.944
F175,7.948,125.261
F178,8.206,118.915
F225,7.06,118.73
F230,8.835,117.196
F259,6.6,117.907
F66,7.157,110.159
F70,8.54,118.938
F93,8.56,113.506
G102,7.624,102.757
G104,8.202,106.256
G128,7.765,107.345
G131,8.011,103.87
G139,7.903,107.59
G144,9.876,114.25
G150,9.07,118.162
G170,8.819,117.003
G182,7.246,102.618
G195,9.364,110.616
G232,8.621,104.779
G25,8.261,108.904
G63,9.645,108.965
G8,8.246,110.943
G81,8.955,106.414
G82,7.035,108.708
G86,7.82,109.498
G98,8.021,107.874
H107,10.674,117.811
H119,8.893,125.871
H122,8.466,124.318
H36,8.643,119.827
H94,8.151,113.153
H96,8.693,115.09
I145,9.101,124.3
I166,7.358,116.337
I209,8.706,127.165
I215,8.869,113.383
I255,8.861,124.41
I33,8.677,128.543
I59,8.992,122.139
I91,8.84,123.15
K111,9.785,109.855
K112,8.198,124.553
K113,7.908,121.996
K126,7.888,122.859
K132,7.683,119.755
K148,8.927,119.299
K153,8.659,123.898
K158,8.672,115.465
K167,7.328,117.423
K169,7.433,120.587
K171,7.74,120.218
K212,7.332,122.327
K224,6.855,115.046
K227,6.796,114.14
K24,7.167,114.78
K251,8.817,114.521
K256,8.734,126.496
K260,7.701,124.41
K39,8.069,122.688
K45,7.419,123.161
K76,7.897,124.09
K80,8.322,121.072
L100,7.289,119.052
L118,9.826,130.391
L120,8.954,123.701
L140,8.782,115.824
L143,8.425,128.219
L147,8.184,120.346
L156,7.492,116.734
L163,7.01,121.698
L183,7.187,117.307
L184,6.587,113.147
L188,8.595,125.625
L202,9.132,120.47
L203,5.914,110.962
L211,8.912,126.599
L223,7.964,120.883
L228,7.056,119.256
L239,8.678,125.942
L250,8.644,125.971
L44,6.968,123.056
L47,8.92,125.966
L57,8.86,117.686
L60,8.646,123.703
L79,8.929,123.471
L84,7.717,120.297
L90,8.5,124.029
M240,8.605,123.018
N124,8.971,119.754
N177,9.664,115.413
N229,8.866,118.428
N231,8.096,110.638
N243,8.362,119.36
N61,8.404,121.247
N62,7.999,123.266
N67,8.964,119.572
Q103,7.8,115.02
Q135,6.55,113.965
Q136,7.498,118.25
Q157,7.74,122.341
Q221,7.48,117.964
Q248,8.657,122.023
Q254,8.539,118.299
Q28,7.679,115.415
Q53,7.981,114.413
Q74,7.624,117.672
Q92,7.344,115.676
R181,8.363,118.417
R226,6.638,109.04
R245,10.422,127.088
R253,7.246,118.493
R27,8.807,120.721
R58,7.136,114.66
R89,8.537,122.716
S105,7.279,107.713
S151,8.281,124.434
S165,7.943,113.577
S172,8.291,113.757
S187,7.559,111.306
S196,8.667,120.56
S216,8.041,116.641
S218,8.357,115.916
S219,9.25,117.303
S258,8.916,116.496
S29,8.032,117.895
S43,8.434,115.255
S48,8.425,119.877
S50,8.328,122.831
S56,9.934,126.423
S73,8.757,115.733
S99,8.35,111.822
T108,7.305,109.224
T125,8.138,117.181
T168,6.532,98.592
T176,8.051,114.898
T192,9.632,115.127
T199,6.942,108.213
T207,8.392,124.898
T35,10.252,122.268
T37,7.559,108.145
T55,9.35,120.682
T87,8.446,116.624
V109,7.571,118.51
V121,9.15,126.51
V134,7.347,108.006
V142,7.152,124.144
V149,8.382,121.341
V159,6.974,113.144
V160,7.235,114.447
V162,7.084,113.919
V206,7.231,118.964
V210,9.669,128.469
V217,8.483,115.859
V222,7.314,114.757
V241,6.677,114.882
V31,6.243,106.891
V49,8.353,127.578
V68,8.584,121.896
V78,8.335,115.789
W123,9.008,119.229
W191,9.503,117.174
W208,8.199,129.337
W244,6.416,114.126
W97,9.471,119.137
Y114,8.131,121.342
Y127,7.561,115.506
Y190,8.683,118.979
Y193,8.001,125.634
Y40,8.645,126.652
Y51,8.941,125.262
Y7,8.651,120.456
Y88,8.406,125.999
