ResidueKey;x;y;order;assigned_to;est_shift;real_shift;pred_x;pred_y;target_x;target_y
Y7;8.651;120.456;7;Y7;0.06250151998151805;0.06250151998151805;8.7;120.65;8.7;120.65
G8;8.246;110.943;8;G8;0.05002759238660373;0.05002759238660373;8.213;110.755;8.213;110.755
A23;8.586;122.918;23;A23;0.05412947441089684;0.05412947441089684;8.563;123.163;8.563;123.163
K24;7.167;114.78;24;K24;0.019865548066941716;0.019865548066941716;7.186;114.751;7.186;114.751
G25;8.261;108.904;25;G25;0.05156006206357706;0.05156006206357706;8.23;108.698;8.23;108.698
E26;9.331;117.653;26;E26;0.04390899680020064;0.04390899680020064;9.353;117.843;9.353;117.843
R27;8.807;120.721;27;R27;0.04254409477236639;0.04254409477236639;8.77;120.616;8.77;120.616
Q28;7.679;115.415;28;Q28;0.030767515336794005;0.030767515336794005;7.66;115.536;7.66;115.536
S29;8.032;117.895;29;S29;0.13856420894300356;0.13856420894300356;8.109;118.471;8.109;118.471
V31;6.243;106.891;31;V31;0.02161573500947907;0.02161573500947907;6.263;106.85;6.263;106.85
D32;8.256;118.218;32;D32;0.02022374841615628;0.02022374841615628;8.276;118.203;8.276;118.203
I33;8.677;128.543;33;I33;0.022303362975120287;0.022303362975120287;8.689;128.449;8.689;128.449
D34;7.482;128.162;34;D34;0.11201142798839739;0.11201142798839739;7.378;128.37;7.378;128.37
T35;10.252;122.268;35;T35;0.028756912212541976;0.028756912212541976;10.255;122.411;10.255;122.411
H36;8.643;119.827;36;H36;0.058012412464919796;0.058012412464919796;8.585;119.833;8.585;119.833
T37;7.559;108.145;37;T37;0.04482365446948431;0.04482365446948431;7.538;107.947;7.538;107.947
A38;7.446;127.7;38;A38;0.03453983207834175;0.03453983207834175;7.478;127.765;7.478;127.765
K39;8.069;122.688;39;K39;0.0600083327547087;0.0600083327547087;8.07;122.388;8.07;122.388
Y40;8.645;126.652;40;Y40;0.018384776310852897;0.018384776310852897;8.638;126.567;8.638;126.567
D41;7.703;128.903;41;D41;0.03390634158973766;0.03390634158973766;7.673;128.824;7.673;128.824
S43;8.434;115.255;43;S43;0.018962067397833147;0.018962067397833147;8.449;115.197;8.449;115.197
L44;6.968;123.056;44;L44;0.019241621553289595;0.019241621553289595;6.986;123.09;6.986;123.09
K45;7.419;123.161;45;K45;0.1107476410584016;0.1107476410584016;7.43;122.61;7.43;122.61
L47;8.92;125.966;47;L47;0.04921016155226489;0.04921016155226489;8.938;125.737;8.938;125.737
S48;8.425;119.877;48;S48;0.07320683028242647;0.07320683028242647;8.424;119.511;8.424;119.511
V49;8.353;127.578;49;V49;0.025488036409265346;0.025488036409265346;8.361;127.457;8.361;127.457
S50;8.328;122.831;50;S50;0.0242684980993875;0.0242684980993875;8.304;122.813;8.304;122.813
Y51;8.941;125.262;51;Y51;0.0;0.0;8.941;125.262;8.941;125.262
D52;8.812;121.199;52;D52;0.06475214282168279;0.06475214282168279;8.794;120.888;8.794;120.888
Q53;7.981;114.413;53;Q53;0.03976128770550612;0.03976128770550612;7.965;114.231;7.965;114.231
A54;7.36;120.146;54;A54;0.03704375790872198;0.03704375790872198;7.379;120.305;7.379;120.305
T55;9.35;120.682;55;T55;0.054044796234234777;0.054044796234234777;9.399;120.796;9.399;120.796
S56;9.934;126.423;56;S56;0.025235689013776447;0.025235689013776447;9.958;126.462;9.958;126.462
L57;8.86;117.686;57;L57;0.06849350334155889;0.06849350334155889;8.82;117.408;8.82;117.408
R58;7.136;114.66;58;R58;0.03208987379221067;0.03208987379221067;7.104;114.672;7.104;114.672
I59;8.992;122.139;59;I59;0.04351367601110882;0.04351367601110882;9.03;122.033;9.03;122.033
L60;8.646;123.703;60;L60;0.0442090488474902;0.0442090488474902;8.64;123.922;8.64;123.922
N61;8.404;121.247;61;N61;0.03881288445864175;0.03881288445864175;8.405;121.441;8.405;121.441
N62;7.999;123.266;62;N62;0.08107009312934225;0.08107009312934225;8.058;122.988;8.058;122.988
G63;9.645;108.965;63;G63;0.07456782147816919;0.07456782147816919;9.65;109.337;9.65;109.337
F66;7.157;110.159;66;F66;0.0;0.0;7.157;110.159;7.157;110.159
N67;8.964;119.572;67;N67;0.019051509126575925;0.019051509126575925;8.945;119.565;8.945;119.565
V68;8.584;121.896;68;V68;0.02998733065812909;0.02998733065812909;8.565;122.012;8.565;122.012
E69;8.401;123.974;69;E69;0.07858396783059404;0.07858396783059404;8.428;124.343;8.428;124.343
F70;8.54;118.938;70;F70;0.05410397397603783;0.05410397397603783;8.493;119.072;8.493;119.072
D71;8.366;117.056;71;D71;0.01657226598869228;0.01657226598869228;8.371;116.977;8.371;116.977
D72;8.933;131.705;72;D72;0.08413536711752015;0.08413536711752015;8.917;131.292;8.917;131.292
S73;8.757;115.733;73;S73;0.018461852561429057;0.018461852561429057;8.74;115.697;8.74;115.697
Q74;7.624;117.672;74;Q74;0.060479417986617615;0.060479417986617615;7.684;117.634;7.684;117.634
K76;7.897;124.09;76;K76;0.07164607456099846;0.07164607456099846;7.914;123.742;7.914;123.742
A77;8.214;123.861;77;A77;0.03841301862650077;0.03841301862650077;8.25;123.928;8.25;123.928
V78;8.335;115.789;78;V78;0.0128280941686584;0.0128280941686584;8.346;115.822;8.346;115.822
L79;8.929;123.471;79;L120;0.10218199450000959;0.05790371317972582;9.012;123.769;8.968;123.685
K80;8.322;121.072;80;K80;0.021181123671799456;0.021181123671799456;8.326;120.968;8.326;120.968
G81;8.955;106.414;81;G81;0.0054918120870963965;0.0054918120870963965;8.956;106.441;8.956;106.441
G82;7.035;108.708;82;G82;0.023417087777946714;0.023417087777946714;7.012;108.73;7.012;108.73
L84;7.717;120.297;84;L84;0.02861747717741669;0.02861747717741669;7.698;120.19;7.698;120.19
G86;7.82;109.498;86;G86;0.04553196679257485;0.04553196679257485;7.841;109.7;7.841;109.7
T87;8.446;116.624;87;T87;0.031384709652948886;0.031384709652948886;8.419;116.704;8.419;116.704
Y88;8.406;125.999;88;Y88;0.15211955824285123;0.15211955824285123;8.484;126.652;8.484;126.652
R89;8.537;122.716;89;R89;0.05511478930378095;0.05511478930378095;8.547;122.987;8.547;122.987
L90;8.5;124.029;90;L90;0.06953013735064746;0.06953013735064746;8.533;124.335;8.533;124.335
I91;8.84;123.15;91;I91;0.021470910553586384;0.021470910553586384;8.821;123.1;8.821;123.1
Q92;7.344;115.676;92;Q92;0.016000000000000014;0.016000000000000014;7.328;115.676;7.328;115.676
F93;8.56;113.506;93;F93;0.0;0.0;8.56;113.506;8.56;113.506
H94;8.151;113.153;94;H94;0.07159357513073333;0.07159357513073333;8.222;113.199;8.222;113.199
H96;8.693;115.09;96;H96;0.03546829570193422;0.03546829570193422;8.68;115.255;8.68;115.255
W97;9.471;119.137;97;W97;0.1528985284428864;0.1528985284428864;9.615;119.394;9.615;119.394
G98;8.021;107.874;98;na;-1.0;-1.0;;;;
S99;8.35;111.822;99;S99;0.022622113075485024;0.022622113075485024;8.351;111.709;8.351;111.709
L100;7.289;119.052;100;L100;0.02895582842883316;0.02895582842883316;7.292;118.908;7.292;118.908
D101;8.822;121.345;101;D101;0.01208304597359743;0.01208304597359743;8.827;121.4;8.827;121.4
G102;7.624;102.757;102;G102;0.03138470965295132;0.03138470965295132;7.608;102.622;7.608;102.622
Q103;7.8;115.02;103;Q103;0.003944616584662387;0.003944616584662387;7.802;115.003;7.802;115.003
G104;8.202;106.256;104;G104;0.020321417273408214;0.020321417273408214;8.222;106.274;8.222;106.274
S105;7.279;107.713;105;S105;0.0660148468149399;0.0660148468149399;7.213;107.706;7.213;107.706
E106;8.244;119.192;106;F178;0.12743641551769957;0.09397574155067878;8.18;118.641;8.189;118.811
H107;10.674;117.811;107;H107;0.027011849251762865;0.027011849251762865;10.647;117.807;10.647;117.807
T108;7.305;109.224;108;T108;0.045742321760050955;0.045742321760050955;7.339;109.071;7.339;109.071
V109;7.571;118.51;109;V109;0.02935029812455238;0.02935029812455238;7.599;118.466;7.599;118.466
D110;9.644;132.245;110;D110;0.01516047492659931;0.01516047492659931;9.631;132.206;9.631;132.206
K111;9.785;109.855;111;K111;0.052888183935544675;0.052888183935544675;9.825;109.682;9.825;109.682
K112;8.198;124.553;112;K112;0.022157617200411376;0.022157617200411376;8.217;124.496;8.217;124.496
K113;7.908;121.996;113;K113;0.05522680508593677;0.05522680508593677;7.861;121.851;7.861;121.851
Y114;8.131;121.342;114;Y114;0.009682974749528344;0.009682974749528344;8.125;121.304;8.125;121.304
A115;7.531;120.894;115;A115;0.04256242474296097;0.04256242474296097;7.54;120.686;7.54;120.686
A116;8.096;112.054;116;A116;0.03181571938523164;0.03181571938523164;8.095;112.213;8.095;112.213
E117;9.397;121.035;117;E117;0.09546014875328657;0.09546014875328657;9.431;121.481;9.431;121.481
L118;9.826;130.391;118;L118;0.09176055797563598;0.09176055797563598;9.74;130.551;9.74;130.551
H119;8.893;125.871;119;H119;0.028680306832388026;0.028680306832388026;8.915;125.779;8.915;125.779
L120;8.954;123.701;120;L79;0.014361058456811487;0.059573148313649536;8.968;123.685;9.012;123.769
V121;9.15;126.51;121;V121;0.01733666634621478;0.01733666634621478;9.167;126.527;9.167;126.527
H122;8.466;124.318;122;H122;0.04272750870341098;0.04272750870341098;8.449;124.514;8.449;124.514
W123;9.008;119.229;123;W123;0.11838682359114039;0.11838682359114039;8.939;118.748;8.939;118.748
N124;8.971;119.754;124;N124;0.049335585534176774;0.049335585534176774;8.924;119.679;8.924;119.679
T125;8.138;117.181;125;T125;0.07141120360279514;0.07141120360279514;8.069;117.089;8.069;117.089
K126;7.888;122.859;126;K126;0.037016752964032666;0.037016752964032666;7.884;123.043;7.884;123.043
Y127;7.561;115.506;127;Y127;0.06203224967708259;0.06203224967708259;7.503;115.396;7.503;115.396
G128;7.765;107.345;128;G128;0.05344005988020577;0.05344005988020577;7.797;107.559;7.797;107.559
D129;7.417;116.241;129;D129;0.03935936991365627;0.03935936991365627;7.442;116.393;7.442;116.393
F130;7.468;119.662;130;F130;0.09084184058020887;0.09084184058020887;7.557;119.571;7.557;119.571
G131;8.011;103.87;131;G131;0.03661966684719958;0.03661966684719958;8.032;104.02;8.032;104.02
K132;7.683;119.755;132;K132;0.03758403916558232;0.03758403916558232;7.646;119.722;7.646;119.722
A133;8.005;124.619;133;A133;0.0816049018135551;0.0816049018135551;7.931;124.447;7.931;124.447
V134;7.347;108.006;134;V134;0.07580659601908102;0.07580659601908102;7.346;108.385;7.346;108.385
Q135;6.55;113.965;135;Q135;0.04574756824138212;0.04574756824138212;6.51;114.076;6.51;114.076
Q136;7.498;118.25;136;Q136;0.02872002785514102;0.02872002785514102;7.524;118.311;7.524;118.311
D138;7.832;114.894;138;D138;0.010999999999999233;0.010999999999999233;7.832;114.949;7.832;114.949
G139;7.903;107.59;139;G139;0.007696752561957907;0.007696752561957907;7.91;107.606;7.91;107.606
L140;8.782;115.824;140;L140;0.02100380917833793;0.02100380917833793;8.761;115.826;8.761;115.826
A141;8.834;122.898;141;A141;0.02362117693934899;0.02362117693934899;8.812;122.941;8.812;122.941
V142;7.152;124.144;142;V142;0.0;0.0;7.152;124.144;7.152;124.144
L143;8.425;128.219;143;L143;0.07638874262612297;0.07638874262612297;8.488;128.003;8.488;128.003
G144;9.876;114.25;144;G144;0.054765317492005104;0.054765317492005104;9.902;114.009;9.902;114.009
I145;9.101;124.3;145;I145;0.09141203421869401;0.09141203421869401;9.183;124.098;9.183;124.098
F146;10.056;128.944;146;F146;0.05234539139217141;0.05234539139217141;10.022;128.745;10.022;128.745
L147;8.184;120.346;147;L147;0.029345527768301443;0.029345527768301443;8.168;120.223;8.168;120.223
K148;8.927;119.299;148;K148;0.08318557567270782;0.08318557567270782;8.919;118.885;8.919;118.885
V149;8.382;121.341;149;V149;0.04390261951182508;0.04390261951182508;8.385;121.56;8.385;121.56
G150;9.07;118.162;150;G150;0.02322154172315211;0.02322154172315211;9.078;118.053;9.078;118.053
S151;8.281;124.434;151;S151;0.07097295259463554;0.07097295259463554;8.29;124.082;8.29;124.082
A152;8.328;121.247;152;A152;0.041231056256176846;0.041231056256176846;8.312;121.057;8.312;121.057
K153;8.659;123.898;153;K153;0.010121264743104206;0.010121264743104206;8.664;123.942;8.664;123.942
L156;7.492;116.734;156;L156;0.038483243106577136;0.038483243106577136;7.464;116.602;7.464;116.602
Q157;7.74;122.341;157;Q157;0.01583161394173307;0.01583161394173307;7.733;122.412;7.733;122.412
K158;8.672;115.465;158;K158;0.03112619475618542;0.03112619475618542;8.658;115.604;8.658;115.604
V159;6.974;113.144;159;V159;0.027076927447552666;0.027076927447552666;6.949;113.092;6.949;113.092
V160;7.235;114.447;160;V160;0.016951696080332895;0.016951696080332895;7.251;114.475;7.251;114.475
D161;8.332;117.56;161;D161;0.014317821063274746;0.014317821063274746;8.326;117.625;8.326;117.625
V162;7.084;113.919;162;V162;0.0558358307899127;0.0558358307899127;7.086;113.64;7.086;113.64
L163;7.01;121.698;163;L163;0.029340074982866456;0.029340074982866456;7.021;121.834;7.021;121.834
D164;8.126;116.336;164;D164;0.02557655176132782;0.02557655176132782;8.123;116.209;8.123;116.209
S165;7.943;113.577;165;S165;0.015311433636336432;0.015311433636336432;7.929;113.546;7.929;113.546
I166;7.358;116.337;166;I166;0.004651881339843068;0.004651881339843068;7.36;116.358;7.36;116.358
K167;7.328;117.423;167;K167;0.026437851652508372;0.026437851652508372;7.303;117.38;7.303;117.38
T168;6.532;98.592;168;T168;0.030647022693894587;0.030647022693894587;6.544;98.733;6.544;98.733
K169;7.433;120.587;169;K169;0.0007999999999981355;0.0007999999999981355;7.433;120.591;7.433;120.591
G170;8.819;117.003;170;G170;0.07938286968861791;0.07938286968861791;8.758;117.257;8.758;117.257
K171;7.74;120.218;171;K171;0.01587954659302345;0.01587954659302345;7.752;120.166;7.752;120.166
S172;8.291;113.757;172;S172;0.027370787347096664;0.027370787347096664;8.279;113.88;8.279;113.88
A173;8.968;123.424;173;A173;0.03153981610599336;0.03153981610599336;8.99;123.537;8.99;123.537
D174;8.565;122.041;174;D174;0.03059150208799924;0.03059150208799924;8.579;122.177;8.579;122.177
F175;7.948;125.261;175;F175;0.027130057132264858;0.027130057132264858;7.937;125.137;7.937;125.137
T176;8.051;114.898;176;T176;0.01180000000000092;0.01180000000000092;8.051;114.957;8.051;114.957
N177;9.664;115.413;177;N177;0.016552945357246475;0.016552945357246475;9.679;115.448;9.679;115.448
F178;8.206;118.915;178;E106;0.026863357943489385;0.06065509047062752;8.189;118.811;8.18;118.641
D179;7.945;128.065;179;D179;0.006997142273813133;0.006997142273813133;7.951;128.083;7.951;128.083
R181;8.363;118.417;181;R181;0.016475436261295204;0.016475436261295204;8.354;118.348;8.354;118.348
G182;7.246;102.618;182;G182;0.02097236276626876;0.02097236276626876;7.234;102.532;7.234;102.532
L183;7.187;117.307;183;L183;0.015132745950421562;0.015132745950421562;7.202;117.297;7.202;117.297
L184;6.587;113.147;184;L184;0.019004210059878946;0.019004210059878946;6.568;113.149;6.568;113.149
E186;8.15;116.25;186;E186;0.036693868697645765;0.036693868697645765;8.156;116.069;8.156;116.069
S187;7.559;111.306;187;S187;0.014171802990445487;0.014171802990445487;7.573;111.295;7.573;111.295
L188;8.595;125.625;188;L188;0.040597536871094186;0.040597536871094186;8.599;125.423;8.599;125.423
D189;7.365;121.995;189;D189;0.021077001684300208;0.021077001684300208;7.386;122.004;7.386;122.004
Y190;8.683;118.979;190;Y190;0.048186720162300446;0.048186720162300446;8.67;118.747;8.67;118.747
W191;9.503;117.174;191;W191;0.014499655168311448;0.014499655168311448;9.509;117.24;9.509;117.24
T192;9.632;115.127;192;T192;0.05712057422680342;0.05712057422680342;9.589;114.939;9.589;114.939
Y193;8.001;125.634;193;Y193;0.06917253790341936;0.06917253790341936;8.068;125.72;8.068;125.72
G195;9.364;110.616;195;G195;0.0688839603971748;0.0688839603971748;9.348;110.951;9.348;110.951
S196;8.667;120.56;196;S196;0.0480266592633712;0.0480266592633712;8.691;120.768;8.691;120.768
T199;6.942;108.213;199;T199;0.16148572692346552;0.16148572692346552;6.812;107.734;6.812;107.734
L202;9.132;120.47;202;L202;0.02866984478507067;0.02866984478507067;9.13;120.327;9.13;120.327
L203;5.914;110.962;203;L203;0.13409041725641727;0.13409041725641727;5.813;110.521;5.813;110.521
E204;8.73;124.779;204;E204;0.052592394887473755;0.052592394887473755;8.683;124.661;8.683;124.661
C205;7.577;114.704;205;C205;0.07561719381198885;0.07561719381198885;7.507;114.561;7.507;114.561
V206;7.231;118.964;206;V206;0.12684305262804071;0.12684305262804071;7.105;119.037;7.105;119.037
T207;8.392;124.898;207;T207;0.03267353669255952;0.03267353669255952;8.424;124.931;8.424;124.931
W208;8.199;129.337;208;W208;0.10012492197250802;0.10012492197250802;8.135;129.722;8.135;129.722
I209;8.706;127.165;209;I209;0.02412384712271438;0.02412384712271438;8.711;127.283;8.711;127.283
V210;9.669;128.469;210;V210;0.05477079513755414;0.05477079513755414;9.617;128.383;9.617;128.383
L211;8.912;126.599;211;L211;0.04796832288083408;0.04796832288083408;8.958;126.667;8.958;126.667
K212;7.332;122.327;212;K212;0.07247068372797058;0.07247068372797058;7.298;122.007;7.298;122.007
E213;8.849;121.545;213;E213;0.022222511109234885;0.022222511109234885;8.848;121.656;8.848;121.656
I215;8.869;113.383;215;I215;0.022517548712060992;0.022517548712060992;8.891;113.359;8.891;113.359
S216;8.041;116.641;216;S216;0.03819999999999624;0.03819999999999624;8.041;116.832;8.041;116.832
V217;8.483;115.859;217;V217;0.018427153876819907;0.018427153876819907;8.491;115.942;8.491;115.942
S218;8.357;115.916;218;S218;0.016648123017325725;0.016648123017325725;8.37;115.968;8.37;115.968
S219;9.25;117.303;219;S219;0.012682271089989728;0.012682271089989728;9.24;117.264;9.24;117.264
E220;8.28;118.313;220;E220;0.028552407954499176;0.028552407954499176;8.302;118.222;8.302;118.222
Q221;7.48;117.964;221;Q221;0.02232576986354607;0.02232576986354607;7.473;117.858;7.473;117.858
V222;7.314;114.757;222;V222;0.07104477461432264;0.07104477461432264;7.344;115.079;7.344;115.079
L223;7.964;120.883;223;L223;0.03056403114774085;0.03056403114774085;7.947;120.756;7.947;120.756
K224;6.855;115.046;224;K224;0.02061552812808808;0.02061552812808808;6.836;115.086;6.836;115.086
F225;7.06;118.73;225;F225;0.01926032190800853;0.01926032190800853;7.065;118.637;7.065;118.637
R226;6.638;109.04;226;R226;0.06378212915856596;0.06378212915856596;6.588;108.842;6.588;108.842
K227;6.796;114.14;227;K227;0.03275667870831855;0.03275667870831855;6.789;113.98;6.789;113.98
L228;7.056;119.256;228;L228;0.008944271909998174;0.008944271909998174;7.06;119.216;7.06;119.216
N229;8.866;118.428;229;N229;0.016031219541879603;0.016031219541879603;8.865;118.508;8.865;118.508
F230;8.835;117.196;230;F230;0.0687674341530935;0.0687674341530935;8.775;117.364;8.775;117.364
N231;8.096;110.638;231;N231;0.028389434654461698;0.028389434654461698;8.122;110.695;8.122;110.695
G232;8.621;104.779;232;G232;0.018439088914585577;0.018439088914585577;8.609;104.849;8.609;104.849
E233;8.341;121.375;233;E233;0.032013122309451865;0.032013122309451865;8.314;121.289;8.314;121.289
E235;7.298;119.873;235;E235;0.02018018830437374;0.02018018830437374;7.279;119.907;7.279;119.907
E237;8.205;123.402;237;E237;0.03471310991541685;0.03471310991541685;8.179;123.287;8.179;123.287
E238;8.978;130.03;238;E238;0.014142135623730397;0.014142135623730397;8.98;129.96;8.98;129.96
L239;8.678;125.942;239;L239;0.021744884455888416;0.021744884455888416;8.66;125.881;8.66;125.881
M240;8.605;123.018;240;M240;0.05874487211663775;0.05874487211663775;8.572;123.261;8.572;123.261
V241;6.677;114.882;241;V241;0.050606323715518924;0.050606323715518924;6.633;115.007;6.633;115.007
D242;7.093;114.803;242;D242;0.004308131845708448;0.004308131845708448;7.089;114.811;7.089;114.811
N243;8.362;119.36;243;N243;0.02014348529922243;0.02014348529922243;8.382;119.348;8.382;119.348
W244;6.416;114.126;244;W244;0.03444938315848433;0.03444938315848433;6.39;114.013;6.39;114.013
R245;10.422;127.088;245;R245;0.11221212055745129;0.11221212055745129;10.34;126.705;10.34;126.705
A247;7.936;120.389;247;A247;0.054418379248191304;0.054418379248191304;7.981;120.542;7.981;120.542
Q248;8.657;122.023;248;Q248;0.040336583891052505;0.040336583891052505;8.697;121.997;8.697;121.997
L250;8.644;125.971;250;L250;0.013840520221438623;0.013840520221438623;8.633;125.929;8.633;125.929
K251;8.817;114.521;251;K251;0.010248902380257139;0.010248902380257139;8.82;114.472;8.82;114.472
R253;7.246;118.493;253;R253;0.011401754250991448;0.011401754250991448;7.253;118.448;7.253;118.448
Q254;8.539;118.299;254;Q254;0.03703457843691516;0.03703457843691516;8.523;118.132;8.523;118.132
I255;8.861;124.41;255;I255;0.02000099997500396;0.02000099997500396;8.874;124.486;8.874;124.486
K256;8.734;126.496;256;K256;0.016004999218994124;0.016004999218994124;8.718;126.498;8.718;126.498
A257;8.323;123.643;257;A257;0.02549509756796408;0.02549509756796408;8.312;123.528;8.312;123.528
S258;8.916;116.496;258;S258;0.024212393520675345;0.024212393520675345;8.892;116.48;8.892;116.48
F259;6.6;117.907;259;F259;0.015011995203836677;0.015011995203836677;6.615;117.904;6.615;117.904
K260;7.701;124.41;260;K260;0.04701063709417182;0.04701063709417182;7.672;124.225;7.672;124.225
